symbol,timestamp,open,high,low,close,volume,oi
NSE:NIFTY2580724150PE,2025-07-31 09:15:00,29.7,38.05,28.1,33.85,56925,181275
NSE:NIFTY2580724150PE,2025-07-31 09:16:00,34,38.2,34,37.35,57000,181275
NSE:NIFTY2580724150PE,2025-07-31 09:17:00,37.6,40.8,37,37.3,39750,181275
NSE:NIFTY2580724150PE,2025-07-31 09:18:00,37.7,37.75,35,36.7,23850,195525
NSE:NIFTY2580724150PE,2025-07-31 09:19:00,36.45,36.45,32.9,32.95,25575,195525
NSE:NIFTY2580724150PE,2025-07-31 09:20:00,32.95,33.5,28.75,30.2,58800,195525
NSE:NIFTY2580724150PE,2025-07-31 09:21:00,30.15,30.5,28.8,30.2,29400,184575
NSE:NIFTY2580724150PE,2025-07-31 09:22:00,30.15,33.4,30.15,31.2,34275,184575
NSE:NIFTY2580724150PE,2025-07-31 09:23:00,31,31.45,29.75,30.7,27150,184575
NSE:NIFTY2580724150PE,2025-07-31 09:24:00,30.4,30.75,28.55,28.9,23625,185250
NSE:NIFTY2580724150PE,2025-07-31 09:25:00,28.8,30.75,28.5,30.75,26325,185250
NSE:NIFTY2580724150PE,2025-07-31 09:26:00,30.55,30.85,28.5,28.9,14475,185250
NSE:NIFTY2580724150PE,2025-07-31 09:27:00,28.5,29.8,28.3,29.2,23475,196350
NSE:NIFTY2580724150PE,2025-07-31 09:28:00,29.2,29.45,28.95,28.95,2025,196350
NSE:NIFTY2580724150PE,2025-07-31 09:29:00,29,29.7,28.8,29.6,4350,196350
NSE:NIFTY2580724150PE,2025-07-31 09:30:00,30,30.8,28.95,29.45,9075,183450
NSE:NIFTY2580724150PE,2025-07-31 09:31:00,30,30.2,28.45,28.6,9600,183450
NSE:NIFTY2580724150PE,2025-07-31 09:32:00,28.6,29.55,28,29.55,7725,183450
NSE:NIFTY2580724150PE,2025-07-31 09:33:00,29.65,30.9,29.25,30.55,2700,189000
NSE:NIFTY2580724150PE,2025-07-31 09:34:00,30.3,30.4,28.7,28.7,3075,189000
NSE:NIFTY2580724150PE,2025-07-31 09:35:00,29.9,30.45,29.55,30.05,3900,189000
NSE:NIFTY2580724150PE,2025-07-31 09:36:00,30.3,30.85,30.2,30.65,5175,187725
NSE:NIFTY2580724150PE,2025-07-31 09:37:00,29.95,30.45,28.85,28.9,11775,187725
NSE:NIFTY2580724150PE,2025-07-31 09:38:00,29.05,30.2,29.05,29.95,7350,187725
NSE:NIFTY2580724150PE,2025-07-31 09:39:00,29.75,30.75,29.75,30.65,10500,194325
NSE:NIFTY2580724150PE,2025-07-31 09:40:00,30.3,31.2,30,30.35,11400,194325
NSE:NIFTY2580724150PE,2025-07-31 09:41:00,29.9,29.9,28.75,29.4,6450,194325
NSE:NIFTY2580724150PE,2025-07-31 09:42:00,29.3,29.7,28.95,29.25,3900,197025
NSE:NIFTY2580724150PE,2025-07-31 09:43:00,29.2,29.9,29.2,29.25,2925,197025
NSE:NIFTY2580724150PE,2025-07-31 09:44:00,29.05,29.05,28.35,28.4,9000,197025
NSE:NIFTY2580724150PE,2025-07-31 09:45:00,28.95,29,28.1,28.65,11550,202725
NSE:NIFTY2580724150PE,2025-07-31 09:46:00,28.55,28.8,28.45,28.55,1275,202725
NSE:NIFTY2580724150PE,2025-07-31 09:47:00,28.5,29.5,28.4,29.1,4950,202725
NSE:NIFTY2580724150PE,2025-07-31 09:48:00,29.85,29.85,28.55,29.1,3075,202425
NSE:NIFTY2580724150PE,2025-07-31 09:49:00,29.3,30.35,29.25,29.65,2175,202425
NSE:NIFTY2580724150PE,2025-07-31 09:50:00,29.6,30.2,29.4,30.2,1425,202425
NSE:NIFTY2580724150PE,2025-07-31 09:51:00,30,30,28.85,29,2100,202050
NSE:NIFTY2580724150PE,2025-07-31 09:52:00,28.95,29,28.6,28.95,4050,202050
NSE:NIFTY2580724150PE,2025-07-31 09:53:00,28.95,29.35,28.3,28.55,7575,202050
NSE:NIFTY2580724150PE,2025-07-31 09:54:00,28.55,28.95,28.55,28.65,4275,207075
NSE:NIFTY2580724150PE,2025-07-31 09:55:00,28.65,28.7,28.35,28.35,975,207075
NSE:NIFTY2580724150PE,2025-07-31 09:56:00,28.65,28.7,28.35,28.55,3150,207075
NSE:NIFTY2580724150PE,2025-07-31 09:57:00,28.55,29.3,28.4,29.1,8475,211650
NSE:NIFTY2580724150PE,2025-07-31 09:58:00,29.05,29.4,28.7,28.8,3600,211650
NSE:NIFTY2580724150PE,2025-07-31 09:59:00,28.8,29.3,28.6,29.3,375,211650
NSE:NIFTY2580724150PE,2025-07-31 10:00:00,29.3,31.35,29.15,31.35,20625,210975
NSE:NIFTY2580724150PE,2025-07-31 10:01:00,31.25,32.05,30.1,31.25,17775,210975
NSE:NIFTY2580724150PE,2025-07-31 10:02:00,31.2,32,31.05,31.6,6450,210975
NSE:NIFTY2580724150PE,2025-07-31 10:03:00,31.9,32.3,31.6,32.1,7650,222750
NSE:NIFTY2580724150PE,2025-07-31 10:04:00,31.75,32.05,30.7,31.85,5175,222750
NSE:NIFTY2580724150PE,2025-07-31 10:05:00,31.75,31.75,30.55,30.95,7050,222750
NSE:NIFTY2580724150PE,2025-07-31 10:06:00,31.15,31.45,30.8,31,2550,221025
NSE:NIFTY2580724150PE,2025-07-31 10:07:00,30.5,30.9,28.8,28.8,11550,221025
NSE:NIFTY2580724150PE,2025-07-31 10:08:00,28.65,29.9,28.35,29.6,11850,221025
NSE:NIFTY2580724150PE,2025-07-31 10:09:00,30,30.05,29.7,29.8,2475,215475
NSE:NIFTY2580724150PE,2025-07-31 10:10:00,30,31.2,30,30.8,3075,215475
NSE:NIFTY2580724150PE,2025-07-31 10:11:00,30.15,30.15,29.45,29.65,2475,215475
NSE:NIFTY2580724150PE,2025-07-31 10:12:00,30.3,31.1,30.3,31.1,2700,219300
NSE:NIFTY2580724150PE,2025-07-31 10:13:00,30.9,31.5,30.8,31.5,1800,219300
NSE:NIFTY2580724150PE,2025-07-31 10:14:00,30.5,30.9,30.45,30.75,975,219300
NSE:NIFTY2580724150PE,2025-07-31 10:15:00,30.75,31.25,30.3,30.45,2550,218625
NSE:NIFTY2580724150PE,2025-07-31 10:16:00,30.25,30.25,29.35,30.1,12450,218625
NSE:NIFTY2580724150PE,2025-07-31 10:17:00,30.1,31.1,30.1,30.6,15000,218625
NSE:NIFTY2580724150PE,2025-07-31 10:18:00,30.75,31.3,30.3,31.3,3450,218925
NSE:NIFTY2580724150PE,2025-07-31 10:19:00,31.5,31.6,31.1,31.1,2475,218925
NSE:NIFTY2580724150PE,2025-07-31 10:20:00,31.45,31.9,31.3,31.8,4575,218925
NSE:NIFTY2580724150PE,2025-07-31 10:21:00,31.85,31.9,31.25,31.5,3975,218400
NSE:NIFTY2580724150PE,2025-07-31 10:22:00,31.15,31.45,30,30.15,4350,218400
NSE:NIFTY2580724150PE,2025-07-31 10:23:00,30.15,31,30.15,30.85,4125,218400
NSE:NIFTY2580724150PE,2025-07-31 10:24:00,30.55,30.75,30.35,30.75,3150,219375
NSE:NIFTY2580724150PE,2025-07-31 10:25:00,30.35,30.8,30.35,30.35,4650,219375
NSE:NIFTY2580724150PE,2025-07-31 10:26:00,30.25,30.85,30.25,30.45,4500,219375
NSE:NIFTY2580724150PE,2025-07-31 10:27:00,30.3,30.3,29.4,29.8,4875,226425
NSE:NIFTY2580724150PE,2025-07-31 10:28:00,29.8,30.2,29.6,29.85,2100,226425
NSE:NIFTY2580724150PE,2025-07-31 10:29:00,29.8,31.15,29.8,30.65,7725,226425
NSE:NIFTY2580724150PE,2025-07-31 10:30:00,30.75,31.15,29.65,29.95,3825,228000
NSE:NIFTY2580724150PE,2025-07-31 10:31:00,30.15,30.75,30.15,30.75,600,228000
NSE:NIFTY2580724150PE,2025-07-31 10:32:00,30.8,31.15,30.5,30.5,1050,228000
NSE:NIFTY2580724150PE,2025-07-31 10:33:00,30.25,31.1,30.25,30.95,2850,227250
NSE:NIFTY2580724150PE,2025-07-31 10:34:00,31.05,31.05,30.5,30.5,1575,227250
NSE:NIFTY2580724150PE,2025-07-31 10:35:00,30.95,30.95,30.25,30.8,1050,227250
NSE:NIFTY2580724150PE,2025-07-31 10:36:00,30.25,31,30.25,30.95,3075,226875
NSE:NIFTY2580724150PE,2025-07-31 10:37:00,31.35,32.35,30.4,30.4,11025,226875
NSE:NIFTY2580724150PE,2025-07-31 10:38:00,30,30.9,30,30.9,3450,226875
NSE:NIFTY2580724150PE,2025-07-31 10:39:00,31,31,30.05,30.35,4425,226875
NSE:NIFTY2580724150PE,2025-07-31 10:40:00,30,30.25,29.8,30.1,9075,230250
NSE:NIFTY2580724150PE,2025-07-31 10:41:00,30.5,30.5,30.05,30.15,6450,230250
NSE:NIFTY2580724150PE,2025-07-31 10:42:00,29.95,30.3,29.95,30.3,1200,230925
NSE:NIFTY2580724150PE,2025-07-31 10:43:00,30.3,30.3,30.15,30.15,4650,230925
NSE:NIFTY2580724150PE,2025-07-31 10:44:00,30.5,30.65,29.45,29.45,14100,230925
NSE:NIFTY2580724150PE,2025-07-31 10:45:00,29.1,30,27.75,29.05,22125,228150
NSE:NIFTY2580724150PE,2025-07-31 10:46:00,28.8,30.1,28.8,29.5,23475,228150
NSE:NIFTY2580724150PE,2025-07-31 10:47:00,29.5,29.7,29.25,29.3,2925,228150
NSE:NIFTY2580724150PE,2025-07-31 10:48:00,29.25,29.65,27.5,27.5,4350,236475
NSE:NIFTY2580724150PE,2025-07-31 10:49:00,27.55,29.2,27.2,28.4,10200,236475
NSE:NIFTY2580724150PE,2025-07-31 10:50:00,28.15,28.2,27,28.1,6375,236475
NSE:NIFTY2580724150PE,2025-07-31 10:51:00,28.55,28.75,27.8,27.85,22200,234375
NSE:NIFTY2580724150PE,2025-07-31 10:52:00,27.4,27.45,27,27.3,5925,234375
NSE:NIFTY2580724150PE,2025-07-31 10:53:00,26.7,27.2,26.6,26.8,14775,234375
NSE:NIFTY2580724150PE,2025-07-31 10:54:00,26.75,26.75,26.25,26.45,7350,235875
NSE:NIFTY2580724150PE,2025-07-31 10:55:00,26.5,27,26.4,26.75,6000,235875
NSE:NIFTY2580724150PE,2025-07-31 10:56:00,27.1,27.4,26.75,27.15,4575,235875
NSE:NIFTY2580724150PE,2025-07-31 10:57:00,27.65,27.65,26.95,27.2,2625,235425
NSE:NIFTY2580724150PE,2025-07-31 10:58:00,27.65,27.8,27.45,27.45,5400,235425
NSE:NIFTY2580724150PE,2025-07-31 10:59:00,27.35,27.35,26.45,26.45,1425,235425
NSE:NIFTY2580724150PE,2025-07-31 11:00:00,26.65,26.65,25.6,25.8,4875,235575
NSE:NIFTY2580724150PE,2025-07-31 11:01:00,25.7,25.7,23.95,24.3,21525,235575
NSE:NIFTY2580724150PE,2025-07-31 11:02:00,24.05,24.5,23.55,23.95,29775,235575
NSE:NIFTY2580724150PE,2025-07-31 11:03:00,23.25,23.8,23.1,23.65,12525,254775
NSE:NIFTY2580724150PE,2025-07-31 11:04:00,23.4,23.75,22.95,23,22125,254775
NSE:NIFTY2580724150PE,2025-07-31 11:05:00,23,23.5,22.8,22.85,10125,254775
NSE:NIFTY2580724150PE,2025-07-31 11:06:00,22.95,23.05,22.45,22.85,14550,263250
NSE:NIFTY2580724150PE,2025-07-31 11:07:00,22.9,23.15,22.7,22.75,5700,263250
NSE:NIFTY2580724150PE,2025-07-31 11:08:00,22.75,23.05,22.4,22.4,16575,263250
NSE:NIFTY2580724150PE,2025-07-31 11:09:00,22.95,23.6,22.95,23.4,48525,260625
NSE:NIFTY2580724150PE,2025-07-31 11:10:00,23.25,23.9,23.25,23.45,12000,260625
NSE:NIFTY2580724150PE,2025-07-31 11:11:00,23.65,24,23.6,23.75,5250,260625
NSE:NIFTY2580724150PE,2025-07-31 11:12:00,24,24.05,23.5,23.5,4275,258375
NSE:NIFTY2580724150PE,2025-07-31 11:13:00,23.55,24.15,23.55,23.8,5850,258375
NSE:NIFTY2580724150PE,2025-07-31 11:14:00,23.95,23.95,23.35,23.6,2325,258375
NSE:NIFTY2580724150PE,2025-07-31 11:15:00,23.7,24,23.35,23.75,2100,258375
NSE:NIFTY2580724150PE,2025-07-31 11:16:00,23.95,24.05,23.5,23.9,3675,258525
NSE:NIFTY2580724150PE,2025-07-31 11:17:00,23.8,23.8,23.15,23.45,3675,258525
NSE:NIFTY2580724150PE,2025-07-31 11:18:00,23.3,23.75,23.15,23.5,6750,258525
NSE:NIFTY2580724150PE,2025-07-31 11:19:00,23.45,23.8,22.8,23.05,7125,263400
NSE:NIFTY2580724150PE,2025-07-31 11:20:00,23,23.1,22.35,22.35,6600,263400
NSE:NIFTY2580724150PE,2025-07-31 11:21:00,22.35,22.75,22.3,22.3,6000,270975
NSE:NIFTY2580724150PE,2025-07-31 11:22:00,22.3,22.3,21.4,21.45,10650,270975
NSE:NIFTY2580724150PE,2025-07-31 11:23:00,21.5,21.7,21.35,21.7,8175,270975
NSE:NIFTY2580724150PE,2025-07-31 11:24:00,21.7,21.8,20.75,20.95,9075,275325
NSE:NIFTY2580724150PE,2025-07-31 11:25:00,21.05,21.5,20.2,21.5,28950,275325
NSE:NIFTY2580724150PE,2025-07-31 11:26:00,21.55,21.75,21.15,21.35,4050,275325
NSE:NIFTY2580724150PE,2025-07-31 11:27:00,21.25,21.25,20.65,20.85,3450,273225
NSE:NIFTY2580724150PE,2025-07-31 11:28:00,20.95,21.45,20.85,21.45,3000,273225
NSE:NIFTY2580724150PE,2025-07-31 11:29:00,21.45,21.8,21.4,21.55,13500,273225
NSE:NIFTY2580724150PE,2025-07-31 11:30:00,21.5,21.75,21.5,21.75,2250,272250
NSE:NIFTY2580724150PE,2025-07-31 11:31:00,21.7,21.7,21.4,21.5,3900,272250
NSE:NIFTY2580724150PE,2025-07-31 11:32:00,21.5,21.5,20.85,20.95,7800,272250
NSE:NIFTY2580724150PE,2025-07-31 11:33:00,20.9,20.9,20.1,20.55,12375,278850
NSE:NIFTY2580724150PE,2025-07-31 11:34:00,20.5,20.9,20.2,20.65,5625,278850
NSE:NIFTY2580724150PE,2025-07-31 11:35:00,20.4,21.25,20.4,21.1,6075,278850
NSE:NIFTY2580724150PE,2025-07-31 11:36:00,21.2,21.35,21,21.2,3000,275250
NSE:NIFTY2580724150PE,2025-07-31 11:37:00,21.3,21.65,20.95,21.65,1950,275250
NSE:NIFTY2580724150PE,2025-07-31 11:38:00,21.65,21.8,21.5,21.75,3600,275250
NSE:NIFTY2580724150PE,2025-07-31 11:39:00,21.8,21.95,21.3,21.5,5250,275250
NSE:NIFTY2580724150PE,2025-07-31 11:40:00,21.4,21.75,21.35,21.55,2100,274575
NSE:NIFTY2580724150PE,2025-07-31 11:41:00,21.6,21.9,21.55,21.65,2850,274575
NSE:NIFTY2580724150PE,2025-07-31 11:42:00,21.35,21.35,20.75,20.75,1125,273300
NSE:NIFTY2580724150PE,2025-07-31 11:43:00,21,21.1,20.6,20.8,6300,273300
NSE:NIFTY2580724150PE,2025-07-31 11:44:00,20.65,21.15,20.65,21.05,6375,273300
NSE:NIFTY2580724150PE,2025-07-31 11:45:00,21.1,21.3,20.7,21,4275,273300
NSE:NIFTY2580724150PE,2025-07-31 11:46:00,20.9,21.05,20.5,21.05,14025,273900
NSE:NIFTY2580724150PE,2025-07-31 11:47:00,21.05,21.05,20.6,20.65,2025,273900
NSE:NIFTY2580724150PE,2025-07-31 11:48:00,20.4,20.45,19.95,20.25,2550,274650
NSE:NIFTY2580724150PE,2025-07-31 11:49:00,20.25,20.85,20.15,20.55,1725,274650
NSE:NIFTY2580724150PE,2025-07-31 11:50:00,20.5,20.6,20.35,20.6,3600,274650
NSE:NIFTY2580724150PE,2025-07-31 11:51:00,20.4,20.8,20.2,20.4,9975,274650
NSE:NIFTY2580724150PE,2025-07-31 11:52:00,20.8,20.9,20.65,20.65,375,278025
NSE:NIFTY2580724150PE,2025-07-31 11:53:00,20.9,21,20.9,21,1875,278025
NSE:NIFTY2580724150PE,2025-07-31 11:54:00,20.75,21,20.75,20.95,1200,278025
NSE:NIFTY2580724150PE,2025-07-31 11:55:00,20.9,21.1,20.7,21.05,750,278550
NSE:NIFTY2580724150PE,2025-07-31 11:56:00,20.85,21.2,20.85,21,1200,278550
NSE:NIFTY2580724150PE,2025-07-31 11:57:00,21.05,21.05,20.85,21,3300,278550
NSE:NIFTY2580724150PE,2025-07-31 11:58:00,21.05,21.4,21.05,21.3,3000,278550
NSE:NIFTY2580724150PE,2025-07-31 11:59:00,21.15,21.15,21,21,225,278550
NSE:NIFTY2580724150PE,2025-07-31 12:00:00,21.2,21.6,21.2,21.4,3825,278550
NSE:NIFTY2580724150PE,2025-07-31 12:01:00,21.25,21.65,21.25,21.3,6600,277275
NSE:NIFTY2580724150PE,2025-07-31 12:02:00,21.35,21.5,21.15,21.35,4500,277275
NSE:NIFTY2580724150PE,2025-07-31 12:03:00,21.45,21.65,21.25,21.3,8400,277275
NSE:NIFTY2580724150PE,2025-07-31 12:04:00,21.2,22.05,21.2,22.05,12975,277425
NSE:NIFTY2580724150PE,2025-07-31 12:05:00,22.1,22.3,21.8,21.8,6450,277425
NSE:NIFTY2580724150PE,2025-07-31 12:06:00,21.9,22.5,21.9,22.25,600,277425
NSE:NIFTY2580724150PE,2025-07-31 12:07:00,22.7,22.8,22.4,22.65,1200,277950
NSE:NIFTY2580724150PE,2025-07-31 12:08:00,22.6,22.85,22.2,22.2,8925,277950
NSE:NIFTY2580724150PE,2025-07-31 12:09:00,22,22.4,22,22.2,3375,277950
NSE:NIFTY2580724150PE,2025-07-31 12:10:00,22.4,22.45,21.35,21.55,5400,282750
NSE:NIFTY2580724150PE,2025-07-31 12:11:00,21.35,21.65,20.45,20.5,7125,282750
NSE:NIFTY2580724150PE,2025-07-31 12:12:00,20.25,20.5,20,20.25,19800,282750
NSE:NIFTY2580724150PE,2025-07-31 12:13:00,20.25,20.5,19.95,20,10200,286050
NSE:NIFTY2580724150PE,2025-07-31 12:14:00,19.95,20.45,19.75,20.25,7500,286050
NSE:NIFTY2580724150PE,2025-07-31 12:15:00,20.25,20.3,19.1,19.35,16800,286050
NSE:NIFTY2580724150PE,2025-07-31 12:16:00,19.3,19.4,19,19.05,8775,289275
NSE:NIFTY2580724150PE,2025-07-31 12:17:00,18.8,18.95,18.65,18.7,8850,289275
NSE:NIFTY2580724150PE,2025-07-31 12:18:00,18.7,18.75,18.25,18.25,7950,289275
NSE:NIFTY2580724150PE,2025-07-31 12:19:00,18.25,18.35,17.9,17.95,2550,291525
NSE:NIFTY2580724150PE,2025-07-31 12:20:00,17.8,18.1,17.8,17.8,2325,291525
NSE:NIFTY2580724150PE,2025-07-31 12:21:00,18.05,18.2,17.95,18.05,1050,291525
NSE:NIFTY2580724150PE,2025-07-31 12:22:00,18,18.35,18,18.2,4200,290700
NSE:NIFTY2580724150PE,2025-07-31 12:23:00,18.2,18.5,18.2,18.3,6075,290700
NSE:NIFTY2580724150PE,2025-07-31 12:24:00,18.2,18.2,17.95,18.2,2325,290700
NSE:NIFTY2580724150PE,2025-07-31 12:25:00,18.25,18.3,18.15,18.3,3600,291075
NSE:NIFTY2580724150PE,2025-07-31 12:26:00,18.7,18.7,18.45,18.55,5925,291075
NSE:NIFTY2580724150PE,2025-07-31 12:27:00,18.65,18.8,18.65,18.8,4725,291075
NSE:NIFTY2580724150PE,2025-07-31 12:28:00,18.7,19.15,18.7,19.15,2700,296625
NSE:NIFTY2580724150PE,2025-07-31 12:29:00,19.15,19.15,18.35,18.35,2250,296625
NSE:NIFTY2580724150PE,2025-07-31 12:30:00,18.25,18.4,18.05,18.2,3450,296625
NSE:NIFTY2580724150PE,2025-07-31 12:31:00,18.4,18.45,18.25,18.45,3675,293925
NSE:NIFTY2580724150PE,2025-07-31 12:32:00,18.5,18.5,18.4,18.5,8550,293925
NSE:NIFTY2580724150PE,2025-07-31 12:33:00,18.5,18.85,17.65,17.65,7650,293925
NSE:NIFTY2580724150PE,2025-07-31 12:34:00,17.9,18,17.1,17.1,17775,297075
NSE:NIFTY2580724150PE,2025-07-31 12:35:00,17.05,17.25,16.9,16.95,12000,297075
NSE:NIFTY2580724150PE,2025-07-31 12:36:00,16.85,17.5,16.85,17.45,6975,297075
NSE:NIFTY2580724150PE,2025-07-31 12:37:00,17.3,17.35,16.6,16.75,3675,298200
NSE:NIFTY2580724150PE,2025-07-31 12:38:00,16.75,16.8,16.65,16.65,2175,298200
NSE:NIFTY2580724150PE,2025-07-31 12:39:00,16.65,16.8,16.6,16.75,1575,298200
NSE:NIFTY2580724150PE,2025-07-31 12:40:00,16.8,17.15,16.8,17.15,2025,300300
NSE:NIFTY2580724150PE,2025-07-31 12:41:00,17.2,17.2,17.15,17.15,3000,300300
NSE:NIFTY2580724150PE,2025-07-31 12:42:00,17.3,17.6,17.3,17.45,7275,300300
NSE:NIFTY2580724150PE,2025-07-31 12:43:00,17.65,17.9,17.65,17.7,1725,300600
NSE:NIFTY2580724150PE,2025-07-31 12:44:00,17.85,17.85,17.15,17.15,3825,300600
NSE:NIFTY2580724150PE,2025-07-31 12:45:00,17.3,17.7,17.3,17.6,7725,300600
NSE:NIFTY2580724150PE,2025-07-31 12:46:00,17.5,17.55,17.5,17.5,3150,303975
NSE:NIFTY2580724150PE,2025-07-31 12:47:00,17.55,17.55,17.3,17.5,3825,303975
NSE:NIFTY2580724150PE,2025-07-31 12:48:00,17.4,17.85,17.3,17.3,2850,303975
NSE:NIFTY2580724150PE,2025-07-31 12:49:00,17.25,17.4,17.05,17.05,6150,301425
NSE:NIFTY2580724150PE,2025-07-31 12:50:00,16.95,17.05,16.8,16.8,4350,301425
NSE:NIFTY2580724150PE,2025-07-31 12:51:00,16.9,17.45,16.9,17.15,11475,301425
NSE:NIFTY2580724150PE,2025-07-31 12:52:00,17.1,17.2,17,17,3000,301050
NSE:NIFTY2580724150PE,2025-07-31 12:53:00,16.9,17.1,16.75,16.85,2025,301050
NSE:NIFTY2580724150PE,2025-07-31 12:54:00,16.85,17.1,16.75,17,1350,301050
NSE:NIFTY2580724150PE,2025-07-31 12:55:00,17.05,17.1,16.95,17.05,2700,300675
NSE:NIFTY2580724150PE,2025-07-31 12:56:00,17.1,17.1,16.9,17,750,300675
NSE:NIFTY2580724150PE,2025-07-31 12:57:00,16.8,16.9,16.3,16.3,16050,300675
NSE:NIFTY2580724150PE,2025-07-31 12:58:00,16.35,16.45,16.15,16.3,7875,297075
NSE:NIFTY2580724150PE,2025-07-31 12:59:00,16.3,17.2,16.3,17,6075,297075
NSE:NIFTY2580724150PE,2025-07-31 13:00:00,17,17.4,16.8,17.4,5775,297075
NSE:NIFTY2580724150PE,2025-07-31 13:01:00,17.35,17.4,16.95,17.35,5325,292575
NSE:NIFTY2580724150PE,2025-07-31 13:02:00,17.25,17.25,16.6,16.7,2550,292575
NSE:NIFTY2580724150PE,2025-07-31 13:03:00,16.6,17.1,16.6,17,5550,292575
NSE:NIFTY2580724150PE,2025-07-31 13:04:00,17.05,17.45,16.95,17.2,4725,288675
NSE:NIFTY2580724150PE,2025-07-31 13:05:00,17.45,17.45,17,17.4,1350,288675
NSE:NIFTY2580724150PE,2025-07-31 13:06:00,17.35,17.45,17.1,17.25,3750,288675
NSE:NIFTY2580724150PE,2025-07-31 13:07:00,17.2,17.25,16.9,17.1,8625,290025
NSE:NIFTY2580724150PE,2025-07-31 13:08:00,16.8,17.2,16.8,16.8,10575,290025
NSE:NIFTY2580724150PE,2025-07-31 13:09:00,16.75,16.85,16.65,16.65,900,290025
NSE:NIFTY2580724150PE,2025-07-31 13:10:00,16.75,16.85,16.6,16.7,5400,290475
NSE:NIFTY2580724150PE,2025-07-31 13:11:00,16.85,17.2,16.4,16.4,18675,290475
NSE:NIFTY2580724150PE,2025-07-31 13:12:00,16.5,16.55,16.25,16.4,4425,290475
NSE:NIFTY2580724150PE,2025-07-31 13:13:00,16.5,17.2,16.5,17.15,9750,305025
NSE:NIFTY2580724150PE,2025-07-31 13:14:00,17.15,17.85,16.95,17.55,11850,305025
NSE:NIFTY2580724150PE,2025-07-31 13:15:00,17.5,17.5,16.85,17,3075,305025
NSE:NIFTY2580724150PE,2025-07-31 13:16:00,16.85,17.15,16.85,16.95,4200,315225
NSE:NIFTY2580724150PE,2025-07-31 13:17:00,16.9,17.15,16.85,16.9,1050,315225
NSE:NIFTY2580724150PE,2025-07-31 13:18:00,17.15,17.2,17,17.05,2400,315225
NSE:NIFTY2580724150PE,2025-07-31 13:19:00,17.05,17.05,16.9,16.9,1650,319275
NSE:NIFTY2580724150PE,2025-07-31 13:20:00,17.15,17.3,17.15,17.2,600,319275
NSE:NIFTY2580724150PE,2025-07-31 13:21:00,17.2,17.25,17.1,17.1,12675,319275
NSE:NIFTY2580724150PE,2025-07-31 13:22:00,17.15,17.4,17.15,17.4,375,332025
NSE:NIFTY2580724150PE,2025-07-31 13:23:00,17.4,17.5,17.4,17.4,900,332025
NSE:NIFTY2580724150PE,2025-07-31 13:24:00,17.4,17.5,17.25,17.25,1650,332025
NSE:NIFTY2580724150PE,2025-07-31 13:25:00,17.2,17.4,17.1,17.35,2925,333525
NSE:NIFTY2580724150PE,2025-07-31 13:26:00,17.25,17.25,17,17,975,333525
NSE:NIFTY2580724150PE,2025-07-31 13:27:00,16.8,16.9,16.7,16.7,600,333525
NSE:NIFTY2580724150PE,2025-07-31 13:28:00,16.65,16.65,16.15,16.2,2925,333825
NSE:NIFTY2580724150PE,2025-07-31 13:29:00,16.3,17.05,16.3,16.85,5775,333825
NSE:NIFTY2580724150PE,2025-07-31 13:30:00,16.85,17.2,16.85,16.85,3300,333825
NSE:NIFTY2580724150PE,2025-07-31 13:31:00,16.65,16.85,16.45,16.65,23850,334725
NSE:NIFTY2580724150PE,2025-07-31 13:32:00,16.7,16.7,16.35,16.35,10425,334725
NSE:NIFTY2580724150PE,2025-07-31 13:33:00,16.5,16.6,16.5,16.6,3375,334725
NSE:NIFTY2580724150PE,2025-07-31 13:34:00,16.6,16.85,16.3,16.8,3000,350700
NSE:NIFTY2580724150PE,2025-07-31 13:35:00,16.7,16.95,16.7,16.9,3150,350700
NSE:NIFTY2580724150PE,2025-07-31 13:36:00,16.9,16.95,16.6,16.7,12300,350700
NSE:NIFTY2580724150PE,2025-07-31 13:37:00,16.7,16.7,16.4,16.4,3600,353475
NSE:NIFTY2580724150PE,2025-07-31 13:38:00,16.4,16.9,16.4,16.9,6825,353475
NSE:NIFTY2580724150PE,2025-07-31 13:39:00,16.75,17.6,16.7,17.05,12075,353475
NSE:NIFTY2580724150PE,2025-07-31 13:40:00,17,17.1,16.8,16.95,20700,358125
NSE:NIFTY2580724150PE,2025-07-31 13:41:00,17,17,16.65,16.95,24525,358125
NSE:NIFTY2580724150PE,2025-07-31 13:42:00,16.95,17.2,16.8,16.9,9000,358125
NSE:NIFTY2580724150PE,2025-07-31 13:43:00,16.9,17.15,16.6,16.85,4575,387675
NSE:NIFTY2580724150PE,2025-07-31 13:44:00,16.75,16.8,16.65,16.75,3000,387675
NSE:NIFTY2580724150PE,2025-07-31 13:45:00,16.4,16.6,16.4,16.6,2775,387675
NSE:NIFTY2580724150PE,2025-07-31 13:46:00,16.45,16.5,16.2,16.5,3900,389475
NSE:NIFTY2580724150PE,2025-07-31 13:47:00,16.45,16.45,16.1,16.25,1800,389475
NSE:NIFTY2580724150PE,2025-07-31 13:48:00,16.25,16.85,16.25,16.45,5625,389475
NSE:NIFTY2580724150PE,2025-07-31 13:49:00,16.55,16.55,16.35,16.4,750,389400
NSE:NIFTY2580724150PE,2025-07-31 13:50:00,16.5,16.85,16.45,16.75,2100,389400
NSE:NIFTY2580724150PE,2025-07-31 13:51:00,16.9,17,16.5,16.7,1650,389400
NSE:NIFTY2580724150PE,2025-07-31 13:52:00,16.75,17,16.7,17,1725,388650
NSE:NIFTY2580724150PE,2025-07-31 13:53:00,17,17.15,16.9,17.15,1950,388650
NSE:NIFTY2580724150PE,2025-07-31 13:54:00,17.2,17.25,17,17,1125,388650
NSE:NIFTY2580724150PE,2025-07-31 13:55:00,17,17,16.75,17,2400,389475
NSE:NIFTY2580724150PE,2025-07-31 13:56:00,17,17,16.7,16.85,2625,389475
NSE:NIFTY2580724150PE,2025-07-31 13:57:00,16.8,16.8,16.35,16.35,4950,389475
NSE:NIFTY2580724150PE,2025-07-31 13:58:00,16.35,17.15,16.35,16.8,4800,392400
NSE:NIFTY2580724150PE,2025-07-31 13:59:00,16.75,16.85,16.7,16.75,5025,392400
NSE:NIFTY2580724150PE,2025-07-31 14:00:00,16.4,16.8,16.05,16.05,7425,392400
NSE:NIFTY2580724150PE,2025-07-31 14:01:00,16.05,16.25,15.95,16,11100,393150
NSE:NIFTY2580724150PE,2025-07-31 14:02:00,16.05,16.15,15.85,15.9,3600,393150
NSE:NIFTY2580724150PE,2025-07-31 14:03:00,15.85,15.9,15.5,15.7,2325,393150
NSE:NIFTY2580724150PE,2025-07-31 14:04:00,15.9,15.9,15.65,15.65,2175,387000
NSE:NIFTY2580724150PE,2025-07-31 14:05:00,15.65,15.7,15.5,15.5,1575,387000
NSE:NIFTY2580724150PE,2025-07-31 14:06:00,15.5,15.5,15.25,15.35,1575,387000
NSE:NIFTY2580724150PE,2025-07-31 14:07:00,15.25,15.25,15.05,15.2,3600,389475
NSE:NIFTY2580724150PE,2025-07-31 14:08:00,15.1,15.25,15.05,15.2,5025,389475
NSE:NIFTY2580724150PE,2025-07-31 14:09:00,15.15,15.7,15.15,15.45,6225,389475
NSE:NIFTY2580724150PE,2025-07-31 14:10:00,15.5,16.05,15.4,15.8,60825,384000
NSE:NIFTY2580724150PE,2025-07-31 14:11:00,15.75,15.75,15.4,15.5,2475,384000
NSE:NIFTY2580724150PE,2025-07-31 14:12:00,15.5,15.7,15.45,15.7,5175,384000
NSE:NIFTY2580724150PE,2025-07-31 14:13:00,15.6,15.8,15.6,15.65,2775,369375
NSE:NIFTY2580724150PE,2025-07-31 14:14:00,15.75,16,15.6,15.6,2625,369375
NSE:NIFTY2580724150PE,2025-07-31 14:15:00,15.75,15.85,15.75,15.75,1125,369375
NSE:NIFTY2580724150PE,2025-07-31 14:16:00,15.85,15.95,15.75,15.95,825,367725
NSE:NIFTY2580724150PE,2025-07-31 14:17:00,15.8,15.85,15.8,15.8,1350,367725
NSE:NIFTY2580724150PE,2025-07-31 14:18:00,15.85,15.85,15.65,15.85,1425,367725
NSE:NIFTY2580724150PE,2025-07-31 14:19:00,15.8,15.95,15.7,15.9,675,365100
NSE:NIFTY2580724150PE,2025-07-31 14:20:00,15.85,16.1,15.8,15.95,2625,365100
NSE:NIFTY2580724150PE,2025-07-31 14:21:00,15.75,15.9,15.65,15.9,1050,365100
NSE:NIFTY2580724150PE,2025-07-31 14:22:00,15.9,16,15.55,15.8,3825,363450
NSE:NIFTY2580724150PE,2025-07-31 14:23:00,15.65,15.65,15.45,15.65,4500,363450
NSE:NIFTY2580724150PE,2025-07-31 14:24:00,15.55,15.65,15.4,15.55,2550,363450
NSE:NIFTY2580724150PE,2025-07-31 14:25:00,15.8,16,15.75,15.9,1125,364275
NSE:NIFTY2580724150PE,2025-07-31 14:26:00,15.9,16.2,15.65,15.9,6975,364275
NSE:NIFTY2580724150PE,2025-07-31 14:27:00,15.85,16.15,15.55,15.75,17625,364275
NSE:NIFTY2580724150PE,2025-07-31 14:28:00,15.75,16,15.6,15.8,16275,387000
NSE:NIFTY2580724150PE,2025-07-31 14:29:00,15.6,16.4,15.6,16.4,28425,387000
NSE:NIFTY2580724150PE,2025-07-31 14:30:00,16.5,19.25,16.5,18.85,51150,387000
NSE:NIFTY2580724150PE,2025-07-31 14:31:00,18.9,19,17.35,17.4,33075,361050
NSE:NIFTY2580724150PE,2025-07-31 14:32:00,17.6,18.05,17.4,17.45,28575,361050
NSE:NIFTY2580724150PE,2025-07-31 14:33:00,17.45,17.5,15.75,15.8,64800,361050
NSE:NIFTY2580724150PE,2025-07-31 14:34:00,15.7,16.45,15.55,16.3,34650,310800
NSE:NIFTY2580724150PE,2025-07-31 14:35:00,16.15,16.45,16.1,16.35,7500,310800
NSE:NIFTY2580724150PE,2025-07-31 14:36:00,16.35,17.2,16.05,16.8,31125,310800
NSE:NIFTY2580724150PE,2025-07-31 14:37:00,16.75,16.75,15.3,15.3,12375,291675
NSE:NIFTY2580724150PE,2025-07-31 14:38:00,15.1,15.2,14.85,14.85,5100,291675
NSE:NIFTY2580724150PE,2025-07-31 14:39:00,14.85,14.85,14.45,14.8,3675,291675
NSE:NIFTY2580724150PE,2025-07-31 14:40:00,15.1,15.1,14.85,14.9,6825,279600
NSE:NIFTY2580724150PE,2025-07-31 14:41:00,14.9,15.85,14.9,15.75,16350,279600
NSE:NIFTY2580724150PE,2025-07-31 14:42:00,16,16,15.5,15.7,3750,279600
NSE:NIFTY2580724150PE,2025-07-31 14:43:00,15.7,15.75,15.15,15.15,1950,271575
NSE:NIFTY2580724150PE,2025-07-31 14:44:00,15.3,15.55,15.1,15.5,5625,271575
NSE:NIFTY2580724150PE,2025-07-31 14:45:00,15.6,16.1,15.5,16.1,7800,271575
NSE:NIFTY2580724150PE,2025-07-31 14:46:00,15.9,16.45,15.85,16.3,5550,270375
NSE:NIFTY2580724150PE,2025-07-31 14:47:00,16.25,16.7,15.95,16.65,33825,270375
NSE:NIFTY2580724150PE,2025-07-31 14:48:00,16.3,16.6,15.9,15.95,2325,270375
NSE:NIFTY2580724150PE,2025-07-31 14:49:00,16,16.4,15.85,16.1,22275,290550
NSE:NIFTY2580724150PE,2025-07-31 14:50:00,16.1,16.35,16,16.1,11175,290550
NSE:NIFTY2580724150PE,2025-07-31 14:51:00,15.9,16.25,15.8,15.95,12150,290550
NSE:NIFTY2580724150PE,2025-07-31 14:52:00,16.2,16.2,15.9,15.95,12600,310725
NSE:NIFTY2580724150PE,2025-07-31 14:53:00,16.05,16.15,15.95,15.95,4725,310725
NSE:NIFTY2580724150PE,2025-07-31 14:54:00,15.95,16.3,15,16.3,15600,310725
NSE:NIFTY2580724150PE,2025-07-31 14:55:00,16.3,16.4,15.15,15.2,32175,304275
NSE:NIFTY2580724150PE,2025-07-31 14:56:00,15.75,15.8,15.65,15.75,4275,304275
NSE:NIFTY2580724150PE,2025-07-31 14:57:00,15.65,15.9,15.55,15.65,5700,304275
NSE:NIFTY2580724150PE,2025-07-31 14:58:00,15.7,15.75,14.8,14.95,3750,302550
NSE:NIFTY2580724150PE,2025-07-31 14:59:00,14.85,15.35,14.7,15.15,8400,302550
NSE:NIFTY2580724150PE,2025-07-31 15:00:00,15.25,17.35,15.25,17.35,36300,302550
NSE:NIFTY2580724150PE,2025-07-31 15:01:00,17.25,17.7,17.25,17.65,9900,292725
NSE:NIFTY2580724150PE,2025-07-31 15:02:00,17.7,17.9,17.4,17.65,7875,292725
NSE:NIFTY2580724150PE,2025-07-31 15:03:00,17.55,17.9,17.45,17.65,5400,292725
NSE:NIFTY2580724150PE,2025-07-31 15:04:00,17.7,18.25,17.65,17.85,14400,291675
NSE:NIFTY2580724150PE,2025-07-31 15:05:00,18,18.5,17.75,18.5,6375,291675
NSE:NIFTY2580724150PE,2025-07-31 15:06:00,18.55,18.85,17.8,18.5,13650,291675
NSE:NIFTY2580724150PE,2025-07-31 15:07:00,18.65,19.3,18.6,19.25,15000,292050
NSE:NIFTY2580724150PE,2025-07-31 15:08:00,19.7,19.85,19.45,19.6,22275,292050
NSE:NIFTY2580724150PE,2025-07-31 15:09:00,19.7,20.4,19.5,20.25,13950,292050
NSE:NIFTY2580724150PE,2025-07-31 15:10:00,20.5,20.8,18.35,18.65,30525,299250
NSE:NIFTY2580724150PE,2025-07-31 15:11:00,18.75,19.85,17.95,19.6,15975,299250
NSE:NIFTY2580724150PE,2025-07-31 15:12:00,19.55,19.85,19.4,19.55,4725,299250
NSE:NIFTY2580724150PE,2025-07-31 15:13:00,19.55,20.1,19.55,19.95,9075,294975
NSE:NIFTY2580724150PE,2025-07-31 15:14:00,20.05,20.15,19.5,19.9,30075,294975
NSE:NIFTY2580724150PE,2025-07-31 15:15:00,20.1,20.45,20.05,20.45,19125,294975
NSE:NIFTY2580724150PE,2025-07-31 15:16:00,20,20.75,20,20.15,36600,303450
NSE:NIFTY2580724150PE,2025-07-31 15:17:00,20.35,20.9,19.85,19.85,22650,303450
NSE:NIFTY2580724150PE,2025-07-31 15:18:00,20,20.1,19.1,19.65,12000,303450
NSE:NIFTY2580724150PE,2025-07-31 15:19:00,19.65,20.2,19.55,20.1,8925,323475
NSE:NIFTY2580724150PE,2025-07-31 15:20:00,20.05,20.4,19.95,20.4,11025,323475
NSE:NIFTY2580724150PE,2025-07-31 15:21:00,20.4,20.55,20,20.05,18150,323475
NSE:NIFTY2580724150PE,2025-07-31 15:22:00,20.05,20.3,19.65,19.85,30075,306300
NSE:NIFTY2580724150PE,2025-07-31 15:23:00,19.75,19.8,19,19.35,32850,306300
NSE:NIFTY2580724150PE,2025-07-31 15:24:00,19.45,19.6,19.1,19.3,24900,306300
NSE:NIFTY2580724150PE,2025-07-31 15:25:00,19.3,19.85,19.25,19.35,28500,320250
NSE:NIFTY2580724150PE,2025-07-31 15:26:00,19.2,19.65,19.2,19.6,14775,320250
NSE:NIFTY2580724150PE,2025-07-31 15:27:00,19.6,19.8,19.25,19.55,7350,320250
NSE:NIFTY2580724150PE,2025-07-31 15:28:00,19.75,19.8,19.4,19.55,24450,330150
NSE:NIFTY2580724150PE,2025-07-31 15:29:00,19.6,19.9,19.25,19.75,30825,330150
